"id","created_at","updated_at","status","requestor","needed_by","job_type","neighborhood","location","description","priority","est_time","recurring","notes","approval_notes","assigned_to","assigned_to_email","approved_at","completed_at","completion_notes","photo_urls","archived"
"1","2026-06-03T12:15:25.870419+00:00","2026-06-22T21:26:28.327474+00:00","Complete","Jordan","2026-06-04","Mowing","Heritage Pond","IVY lane north of Dirt pile","Needs mowing around dirt pile","Medium","1 - 2 hours","One-time only","","","Jordan Hefner - Sub W/O","Jordan.hefner@vanbuskirkco.com","2026-06-03T12:21:55.403+00:00","2026-06-22T21:26:27.618+00:00",,"System.Object[]","True"
"2","2026-06-03T12:18:23.422619+00:00","2026-06-17T16:08:10.085635+00:00","Complete","Jordan","2026-06-04","Mowing","Vistas at Stone Ridge","Emerald street","Thistles are high","Medium","1 - 2 hours","One-time only","","","Jordan Hefner - Sub W/O","Jordan.hefner@vanbuskirkco.com","2026-06-03T16:11:45.975+00:00","2026-06-10T20:23:51.757+00:00",,"System.Object[]","True"
"3","2026-06-03T16:51:01.618258+00:00","2026-06-17T16:08:10.085635+00:00","Complete","Logan","2026-06-05","Mowing","Pinewood Ponds","","Mow around each pond by Friday 6/5/26.","Medium","1 - 2 hours","One-time only","N/A","Please take care of this Monday/tuesday. Needs to be dry, don’t tear it up, we are about to turn it over","Josh Isaacson","Josh.Isaacson@vanbuskirkco.com","2026-06-08T02:02:34.641+00:00","2026-06-08T15:10:45.344+00:00",,"System.Object[]","True"
"4","2026-06-03T17:00:47.813373+00:00","2026-06-17T16:08:10.085635+00:00","Complete","Clay","2026-06-12","Inlet Protection Replacement","Mapleton Highlands","Near gated entrance in private drive and end of private drive","There are a couple of inlets that need to have protection installed back in Vinnies private area so we can fill the ponds back there","Medium","1 - 2 hours","One-time only","","Can you please Take care of this  asap Monday?","Bill Hoffman","Bill.hoffman@vanbuskirkco.com","2026-06-08T02:03:14.446+00:00","2026-06-15T15:28:49.984+00:00",,"System.Object[]","True"
"5","2026-06-05T16:39:21.66364+00:00","2026-06-17T16:08:10.085635+00:00","Complete","Clay","2026-06-08","Mowing","Willow Ridge","604 N Sylvan Dr, Sioux Falls, SD 57110","Notice from city health department. Vegetation over 8"" and weeds must me mowed and/or sprayed","High","1 - 2 hours","","City will re-inspect on 6/9, if not completed by then there will be a $100 fine","Please take care of this right after bill drive on Monday. Mark complete when done","Josh Isaacson","Josh.Isaacson@vanbuskirkco.com","2026-06-08T02:01:43.214+00:00","2026-06-08T17:48:31.669+00:00",,"System.Object[]","True"
"6","2026-06-05T16:41:38.10645+00:00","2026-06-17T16:08:10.085635+00:00","Complete","Clay","2026-06-08","Mowing","Copper Creek - Bill Drive","6413 E 33rd st, Sioux Falls, SD 57110","1st violation with health department. Vegetation over 8"", weeds need to be mowed and/or sprayed.","High","1 - 2 hours","","City will re-inspect on 6/9, if not completed by then there will be a $100 fine","Take care of this first thing Monday, please mark complete when done.","Josh Isaacson","Josh.Isaacson@vanbuskirkco.com","2026-06-08T02:00:57.525+00:00","2026-06-08T17:16:41.035+00:00",,"System.Object[]","True"
"7","2026-06-07T13:10:29.561662+00:00","2026-06-17T16:08:10.085635+00:00","Complete","Brandt","2026-06-08","Signage","The Bluffs of Brandon","","I don’t really need anything. I just saw this and wanted to say great work getting this set up. Steve. maybe add an other column for who’s requesting the work.","Low","Less than 1 hour","One-time only","Just a test","","Jordan Hefner - Sub W/O","Jordan.hefner@vanbuskirkco.com","2026-06-17T16:02:44.38+00:00","2026-06-17T16:06:27.904+00:00",,"System.Object[]","True"
"8","2026-06-08T17:19:28.203432+00:00","2026-06-17T16:08:10.085635+00:00","Complete","Logan","2026-06-11","Mowing","Willow Ridge","8300 E Sheridan Cir","Mow down vegetation to below 8”.","Medium","Less than 1 hour","Bi-weekly","","","Josh Isaacson","Josh.Isaacson@vanbuskirkco.com","2026-06-08T17:58:17.072+00:00","2026-06-08T18:26:37.293+00:00",,"System.Object[]","True"
"9","2026-06-08T18:26:18.561138+00:00","2026-06-17T16:08:10.085635+00:00","Complete","Jordan","2026-06-12","Mowing","Mydland Estates","Ditch on 273rd street","We need to mow and maintain the ditch between Mydland estates and 273rd street this year. Please mow everything you can and we will either weed wack the steep part or hire it out. I need this fully completed this week","Medium","Full day","One-time only","Add to rotation after this.","Please get this fully completed this week","Josh Isaacson","Josh.Isaacson@vanbuskirkco.com","2026-06-08T18:26:56.577+00:00","2026-06-12T16:21:29.889+00:00",,"System.Object[]","True"
"10","2026-06-09T13:29:26.061818+00:00","2026-06-17T16:08:10.085635+00:00","Complete","Logan","2026-06-12","Trash Cleanup","Willow Ridge","8300 Sheridan circle","Clean up building materials at 8300 Sheridan cir.","Medium","Less than 1 hour","One-time only","","Send Jackson and Jacob with the two wheel drive truck. Dallas knows where to go.","Josh Isaacson","Josh.Isaacson@vanbuskirkco.com","2026-06-09T17:57:36.069+00:00","2026-06-11T14:30:32.693+00:00",,"System.Object[]","True"
"11","2026-06-11T15:41:50.903519+00:00","2026-06-17T16:08:10.085635+00:00","Complete","Logan","2026-06-12","Mowing","Mydland Estates","Ditch on willow","Received a notice from the city of Harrisburg to mow the ditch on Willow.","Medium","Unknown","Bi-weekly","","Done","Jordan Hefner - Sub W/O","Jordan.hefner@vanbuskirkco.com","2026-06-13T03:24:39.123+00:00","2026-06-13T03:26:03.191+00:00",,"System.Object[]","True"
"12","2026-06-16T15:42:59.944988+00:00","2026-06-18T12:24:48.476957+00:00","Complete","Clay","2026-06-17","Inlet Protection Replacement","Heritage Pond","Parking lot at end of 11th street","Need to get inlet protection installed on 3 inlets around parking lot area.","Medium","1 - 2 hours","One-time only","The city requested us to get erosion control measures installed before beginning dirt work. I have been trying to set up dirt hauling for over a month now and have a window to get it completed tomorrow-Friday. Want to get inlets protected to show the city we at least protected the existing system because I am unsure of what they are looking for us to protect.","i think you did this yesterday but i need to send it out so you can mark complete","Josh Isaacson","Josh.Isaacson@vanbuskirkco.com","2026-06-17T16:02:17.924+00:00","2026-06-18T12:24:47.968+00:00",,"System.Object[]","True"
"13","2026-06-17T16:01:23.136569+00:00","2026-07-07T14:09:01.374645+00:00","Complete","Jordan","2026-06-22","Mowing","River Park","all open lots","I was in River park on monday and we need to get this one looking sharp","Medium","Full day","One-time only","","I am sure its on the list, just wanted to note it","Josh Isaacson","Josh.Isaacson@vanbuskirkco.com","2026-06-17T16:03:10.713+00:00","2026-07-07T14:09:01.32+00:00",,"System.Object[]","True"
"14","2026-06-23T14:56:43.188628+00:00","2026-06-25T19:16:14.174129+00:00","Complete","Jordan","2026-06-26","Mowing","Willow Ridge","8413 E Roughlock St","Home owner called in to Misty and said it needed to be mowed","Low","","","","Please mow quickly","Josh Isaacson","Josh.Isaacson@vanbuskirkco.com","2026-06-24T16:45:58.664+00:00","2026-06-25T19:16:15.094+00:00",,"System.Object[]","True"
"15","2026-06-24T21:29:50.976453+00:00","2026-06-25T19:15:34.023972+00:00","Complete","Logan","2026-06-30","Inlet Protection Replacement","Willow Ridge","Sylvan and Scott’s pine","Replace or clean ERTEC panels along Sylvan and Scott’s pine drive and clean sediment off road.","Medium","Half day (3 - 4 hrs)","Monthly","","Please get this done by noon on monday","Josh Isaacson","Josh.Isaacson@vanbuskirkco.com","2026-06-25T14:43:53.536+00:00","2026-06-25T19:15:35.216+00:00",,"System.Object[]","True"
"16","2026-06-25T14:48:06.470768+00:00","2026-07-07T14:08:33.23108+00:00","Complete","Jordan","2026-06-26","Mowing","Mydland Estates","Mydland Pond mowing and Estate street","Need to mow mydland pond and Estate street - pond is being turned over finally soon and need to get it looking nice.","Medium","Half day (3 - 4 hrs)","One-time only","","","Josh Isaacson","Josh.Isaacson@vanbuskirkco.com","2026-06-25T14:48:36.396+00:00","2026-07-07T14:08:33.165+00:00",,"System.Object[]","True"
"17","2026-06-25T14:51:50.926+00:00","2026-07-09T16:09:18.153029+00:00","Complete","Jordan","2026-06-29","Mowing","Brandon Bluffs","Block 18 Lot 7 autumn circle - Brandon Bluffs","Need to clean up and mow Block 18 lot 7 of autumn circle. haul out trash, haul gates back to VBH shop and make this look nice. homeowner to the south is irritated that it hasnt been maintained this year","Medium","1 - 2 hours","One-time only","","","Josh Isaacson","Josh.Isaacson@vanbuskirkco.com","2026-06-26T12:47:07.504+00:00","2026-07-09T16:09:18.665+00:00",,"System.Object[]","True"
"18","2026-06-29T20:32:32.75367+00:00","2026-07-14T14:28:27.106421+00:00","Complete","Jordan","2026-07-02","Other: Get engaged","Other","","Dallas said you're under the gun.","Medium","Less than 1 hour","","","","Josh Isaacson","Josh.Isaacson@vanbuskirkco.com","2026-06-29T20:34:26.516+00:00","2026-07-14T14:28:27.081+00:00",,"System.Object[]","True"
"19","2026-06-30T21:58:49.294431+00:00","2026-07-07T12:24:35.514954+00:00","Complete","Logan","2026-07-06","Inlet Protection Replacement","Mapleton Highlands","South east corner","Install inlet protection on inlets in south east corner of the development","Medium","Less than 1 hour","One-time only","Received a notice from the city that we are missing inlet protection in south east corner. I will forward over the email. Thanks","","Josh Isaacson","Josh.Isaacson@vanbuskirkco.com","2026-07-02T22:52:01.332+00:00","2026-07-07T12:24:35.475+00:00",,"System.Object[]","True"
"20","2026-07-06T20:11:52.841336+00:00","2026-07-07T12:23:52.714175+00:00","Approved","Clay","2026-07-10","Street Cleaning","Vistas at Stone Ridge","N Emerald Dr and Stone St intersection","We are currently graveling the rest of N Emerald Dr to continue up the hill to the top side. The rain has washed some of the gravel down Emerald and the curb lines/inlets on this street need to be cleaned up.","Low","1 - 2 hours","One-time only","","","Josh Isaacson","Josh.Isaacson@vanbuskirkco.com","2026-07-07T12:23:52.664+00:00",,,"System.Object[]","False"
"21","2026-07-08T16:56:49.161024+00:00","2026-07-14T14:28:05.895005+00:00","Complete","Logan","2026-07-14","Other: Pick up fence, trash, mow weeds down, etc","The Bluffs of Brandon","1508 w autumn circle Brandon sd","Clean up trash, fence, gates, mow down weeds on back side of lots","Medium","1 - 2 hours","As needed","","Josh, 

I thought we did this a couple weeks ago? can you check on it?","Josh Isaacson","Josh.Isaacson@vanbuskirkco.com","2026-07-13T13:40:53.17+00:00","2026-07-14T14:28:05.857+00:00",,"System.Object[]","True"
"22","2026-07-13T13:39:51.232363+00:00","2026-07-27T14:32:50.994514+00:00","Complete","Jordan","2026-07-17","Mowing","Mydland Estates","Mow all vacant lots - Capstone called","Capstone called and mentioned that the weeds have gotten out of control, they want lots mowed so the neighborhood shows better, need to hit mowing hard this week - get both mowers out there and hit all developments first 20 feet and then bulk mow everything. 

We need to meet to get you guys on a better schedule. i'm getting quite a few calls again.","Medium","Half day (3 - 4 hrs)","One-time only","","","Josh Isaacson","Josh.Isaacson@vanbuskirkco.com","2026-07-13T13:41:11.703+00:00","2026-07-27T14:32:50.89+00:00",,"System.Object[]","True"
"23","2026-07-14T15:12:18.020116+00:00","2026-07-15T20:44:40.073625+00:00","Complete","Jordan","2026-07-17","Mowing","Other","","Mow corner of 85th and western for commerical. Get this done Wednesday","Medium","Less than 1 hour","One-time only","","","Josh Isaacson","Josh.Isaacson@vanbuskirkco.com","2026-07-15T20:39:19.913+00:00","2026-07-15T20:44:39.666+00:00",,"System.Object[]","True"
"24","2026-07-14T15:14:10.525286+00:00","2026-07-15T20:46:37.645266+00:00","Complete","Logan","2026-07-17","Other: Orange barriers 72nd street mapleton","Mapleton Highlands","north of model home","Need orange barriers north of model home where there is no curb - soukup starting work on that area soon","Medium","Less than 1 hour","One-time only","","","Josh Isaacson","Josh.Isaacson@vanbuskirkco.com","2026-07-15T20:46:16.495+00:00","2026-07-15T20:46:37.809+00:00",,"System.Object[]","True"
"25","2026-07-14T15:53:59.18246+00:00","2026-07-15T21:45:31.484854+00:00","Approved","Clay","2026-07-17","Inlet Protection Replacement","Mapleton Highlands","Private Dr. on Vinnies lots","We discussed adding inlet protection on the private dr because the city required us to put them in so we can fill in the sediment traps.  We are currently on site this week filling them and need to get these protected. I have also requested the city to look at an additional sediment basin for us to fill and need this in place to help get approval on that one.","Medium","1 - 2 hours","One-time only","They are some that are curb inlets and others have the grates.","","Josh Isaacson","Josh.Isaacson@vanbuskirkco.com","2026-07-15T21:45:31.419+00:00",,,"System.Object[]","False"
"26","2026-07-14T15:55:56.410974+00:00","2026-07-27T18:04:20.07825+00:00","Complete","Clay","2026-07-21","Inlet Protection Replacement","Akerson Commercial","Entire road","Inlet protections are getting kind of full throughout the development. Can we get them cleaned and replaced please.","Low","Half day (3 - 4 hrs)","One-time only","","","Josh Isaacson","Josh.Isaacson@vanbuskirkco.com","2026-07-15T21:45:59.575+00:00","2026-07-27T18:04:20.818+00:00",,"System.Object[]","True"
"27","2026-07-14T17:46:07.689528+00:00","2026-07-15T21:00:21.520121+00:00","Complete","Logan","2026-07-17","Other: Install wattles","Mapleton Highlands","Mapleton development","Install wattles on curb drops and corners in phase 1B-d. Give me a call if you have any questions.","Medium","1 - 2 hours","One-time only","","","Jacob Bender","Jacob.bender@vanbuskirkco.com","2026-07-15T20:58:31.151+00:00","2026-07-15T21:00:21.469+00:00",,"System.Object[]","True"
"28","2026-07-14T19:04:40.166816+00:00","2026-07-15T21:45:45.791024+00:00","Approved","Logan","2026-07-21","Spraying","Willow Ridge","608 north sylvan","I received a call about spraying weeds around 608 north sylvan. Please Spray for weeds on each side of  608 north sylvan. She also mention some erosion issues on the north east corner of her lot/ lot next door. Can you please fill the area with dirt and compact?","Medium","1 - 2 hours","Bi-weekly","Jane Anderson 605-351-0022 
Here is her contact if the guys want to talk with her.","","Josh Isaacson","Josh.Isaacson@vanbuskirkco.com","2026-07-15T21:45:45.747+00:00",,,"System.Object[]","False"
"29","2026-07-15T14:22:09.418711+00:00","2026-07-27T14:30:56.186441+00:00","Complete","Logan","2026-07-16","Signage","Mydland Estates","N Perry lane & e Willow st","Please remove the Mydland Estates sign from the corner of N Perry lane and E Willow st. We would like to re install it 30 feet back from Willow st and 30 feet off Perry lane.","Medium","Less than 1 hour","One-time only","Give me a call if you have any questions. Thanks!","Remove and we will re install later.","Josh Isaacson","Josh.Isaacson@vanbuskirkco.com","2026-07-15T21:45:08.942+00:00","2026-07-27T14:30:56.11+00:00",,"System.Object[]","True"
"30","2026-07-16T15:02:57.788351+00:00","2026-07-27T14:42:53.916523+00:00","Complete","Logan","2026-07-21","Mowing","River Park","Mow roadway weeds down","Need to mow down weeds on  s river park ave on unfinished portion of road.","Medium","1 - 2 hours","One-time only","","","Josh Isaacson","Josh.Isaacson@vanbuskirkco.com","2026-07-16T22:12:24.965+00:00","2026-07-27T14:42:53.829+00:00",,"System.Object[]","True"
"31","2026-07-21T13:21:26.184703+00:00","2026-07-21T20:31:06.220618+00:00","Approved","Logan","2026-07-29","Other: Staking","Mapleton Highlands","Phase 1B-D","Put metal stakes next to lot corner stakes on all lots in phases 1B-D. Install lot signage on each lot.","Medium","Multiple days","One-time only","Call me if you have any questions. I had DGR put lath in.","We need to put a bid in on this. Let’s discuss thursday","Dallas Westover","Dallas.westover@vanbuskirkco.com","2026-07-21T20:31:05.66+00:00",,,"System.Object[]","False"
"32","2026-07-22T20:42:43.222257+00:00","2026-07-27T19:00:11.758564+00:00","Complete","Logan","2026-07-28","Inlet Protection Replacement","River Park","Phases 4-8","Install inlet protection throughout phase 5,6,& 8","Medium","1 - 2 hours","One-time only","Let me know if you have any questions","","Josh Isaacson","Josh.Isaacson@vanbuskirkco.com","2026-07-27T18:58:13.459+00:00","2026-07-27T19:00:12.312+00:00",,"System.Object[]","True"
"33","2026-07-29T20:21:03.237399+00:00","2026-08-17T20:50:50.483106+00:00","Approved","Logan","2026-08-07","Mowing","Willow Ridge","Tract 4 of Willow ridge","Now down all of tract 4 in Willow ridge. We have a walk through set up to turn this over to the city on 8/12. Thanks!","Medium","Half day (3 - 4 hrs)","One-time only","Give me a call if you have any questions. Thanks!","","Josh Isaacson","Josh.Isaacson@vanbuskirkco.com","2026-08-17T20:50:50.455+00:00",,,"System.Object[]","False"
"34","2026-08-29T20:22:17.574135+00:00","2026-08-29T20:22:17.574135+00:00","Pending Approval","Brandt","2026-09-04","Signage","Other","Huffman land. Harrisburg","the Van Buskirk sign in the northeast corner of my property has yet to be replaced. I repositioned the Van Buskirk sign in the northwest corner that had blown over in the last storm that blew thru.","Medium","1 - 2 hours","One-time only","",,,,,,,"System.Object[]","False"
